{
  //命令行启动时的参数映射
  "CommandLineMappings": {
    "-cookieStr": "BiliBiliCookie:CookieStr",

    "-userId": "BiliBiliCookie:UserId",
    "-sessData": "BiliBiliCookie:SessData",
    "-biliJct": "BiliBiliCookie:BiliJct",
    "-otherCookies": "BiliBiliCookie:OtherCookies",

    "-numberOfCoins": "DailyTaskConfig:NumberOfCoins",
    "-selectLike": "DailyTaskConfig:SelectLike",
    "-supportUpIds": "DailyTaskConfig:SupportUpIds",
    "-dayOfAutoCharge": "DailyTaskConfig:DayOfAutoCharge",
    "-autoChargeUpId": "DailyTaskConfig:AutoChargeUpId",
    "-dayOfReceiveVipPrivilege": "DailyTaskConfig:DayOfReceiveVipPrivilege",
    "-isExchangeSilver2Coin": "DailyTaskConfig:IsExchangeSilver2Coin",
    "-devicePlatform": "DailyTaskConfig:DevicePlatform",

    "-intervalSecondsBetweenRequestApi": "Security:IntervalSecondsBetweenRequestApi",
    "-intervalMethodTypes": "Security:IntervalMethodTypes",

    "-pushScKey": "Serilog:WriteTo:6:Args:scKey",

    "-closeConsoleWhenEnd": "CloseConsoleWhenEnd",

    "-proxy": "WebProxy"
  }
}
